{"cameraMode":{"drawMode":0,"name":"Shaded","section":"Shading Mode"},"sceneLighting":false,"audioPlay":false,"sceneViewState":{"showFog":true,"showMaterialUpdate":false,"showSkybox":false,"showFlares":true,"showImageEffects":true,"showParticleSystems":true},"in2DMode":false,"pivot":{"x":2.9802322387695315e-8,"y":0.419325590133667,"z":1.4901161193847657e-8},"rotation":{"x":-0.15781503915786744,"y":0.6709291338920593,"z":-0.14931657910346986,"w":-0.7090107202529907},"size":1.9763959646224976,"orthographic":false}