{"cameraMode":{"drawMode":0,"name":"Shaded","section":"Shading Mode"},"sceneLighting":true,"audioPlay":false,"sceneViewState":{"showFog":true,"showMaterialUpdate":false,"showSkybox":true,"showFlares":true,"showImageEffects":true,"showParticleSystems":true},"in2DMode":false,"pivot":{"x":167.1923828125,"y":573.7822265625,"z":-3.59375},"rotation":{"x":-0.0659412369132042,"y":0.019522303715348245,"z":-0.0012968180235475302,"w":-0.9976764917373657},"size":193.6215057373047,"orthographic":true}