{"cameraMode":{"drawMode":0,"name":"Shaded","section":"Shading Mode"},"sceneLighting":true,"audioPlay":false,"sceneViewState":{"showFog":true,"showMaterialUpdate":false,"showSkybox":false,"showFlares":true,"showImageEffects":true,"showParticleSystems":true},"in2DMode":false,"pivot":{"x":-13.415645599365235,"y":2.073568105697632,"z":31.03794288635254},"rotation":{"x":-0.11648990213871002,"y":-0.8833298087120056,"z":0.33037301898002627,"w":-0.31149423122406008},"size":7.436600208282471,"orthographic":true}