{"cameraMode":{"drawMode":0,"name":"Shaded","section":"Shading Mode"},"sceneLighting":false,"audioPlay":false,"sceneViewState":{"showFog":true,"showMaterialUpdate":true,"showSkybox":false,"showFlares":true,"showImageEffects":true,"showParticleSystems":true},"in2DMode":false,"pivot":{"x":0.0000019073486328125,"y":-1.3388123512268067,"z":-9.5367431640625e-7},"rotation":{"x":0.14741234481334687,"y":-0.679958701133728,"z":0.14236754179000855,"w":0.7040402293205261},"size":7.148763179779053,"orthographic":true}