{"cameraMode":{"drawMode":0,"name":"Shaded","section":"Shading Mode"},"sceneLighting":false,"audioPlay":false,"sceneViewState":{"showFog":true,"showMaterialUpdate":true,"showSkybox":false,"showFlares":true,"showImageEffects":true,"showParticleSystems":true},"in2DMode":false,"pivot":{"x":-0.015567779541015625,"y":2.273305654525757,"z":0.01663827896118164},"rotation":{"x":-0.05476853623986244,"y":0.7941854596138,"z":-0.07238996773958206,"w":-0.6008709669113159},"size":4.286011695861816,"orthographic":false}