{"cameraMode":{"drawMode":0,"name":"Shaded","section":"Shading Mode"},"sceneLighting":false,"audioPlay":false,"sceneViewState":{"showFog":true,"showMaterialUpdate":false,"showSkybox":false,"showFlares":true,"showImageEffects":true,"showParticleSystems":true},"in2DMode":false,"pivot":{"x":0.14972864091396333,"y":-1.4733539819717408,"z":-0.6525115370750427},"rotation":{"x":0.25905102491378786,"y":-0.29264694452285769,"z":0.08269602060317993,"w":0.916741132736206},"size":2.4545817375183107,"orthographic":true}