{"cameraMode":{"drawMode":0,"name":"Shaded","section":"Shading Mode"},"sceneLighting":false,"audioPlay":false,"sceneViewState":{"showFog":true,"showMaterialUpdate":false,"showSkybox":false,"showFlares":true,"showImageEffects":true,"showParticleSystems":true},"in2DMode":false,"pivot":{"x":0.0,"y":0.7999999523162842,"z":0.8999999761581421},"rotation":{"x":-0.07960905879735947,"y":-0.6202479004859924,"z":0.06348550319671631,"w":-0.7777727246284485},"size":4.286825656890869,"orthographic":true}