{"cameraMode":{"drawMode":0,"name":"Shaded","section":"Shading Mode"},"sceneLighting":false,"audioPlay":false,"sceneViewState":{"showFog":true,"showMaterialUpdate":false,"showSkybox":false,"showFlares":true,"showImageEffects":true,"showParticleSystems":true},"in2DMode":false,"pivot":{"x":2.9802322387695315e-8,"y":0.419325590133667,"z":1.4901161193847657e-8},"rotation":{"x":-0.1024123951792717,"y":-0.21139347553253175,"z":0.02228604070842266,"w":-0.9717862606048584},"size":1.9763959646224976,"orthographic":false}