{"cameraMode":{"drawMode":0,"name":"Shaded","section":"Shading Mode"},"sceneLighting":false,"audioPlay":false,"sceneViewState":{"showFog":true,"showMaterialUpdate":true,"showSkybox":false,"showFlares":true,"showImageEffects":true,"showParticleSystems":true},"in2DMode":false,"pivot":{"x":546.1716918945313,"y":590.97216796875,"z":1.48760986328125},"rotation":{"x":0.07102779299020767,"y":-0.02035411074757576,"z":-0.001449845964089036,"w":-0.9972754716873169},"size":1277.652099609375,"orthographic":false}