{"cameraMode":{"drawMode":0,"name":"Shaded","section":"Shading Mode"},"sceneLighting":false,"audioPlay":false,"sceneViewState":{"showFog":true,"showMaterialUpdate":false,"showSkybox":false,"showFlares":true,"showImageEffects":true,"showParticleSystems":true},"in2DMode":false,"pivot":{"x":-2.4734039306640627,"y":2.52899169921875,"z":0.057443901896476749},"rotation":{"x":0.2691546678543091,"y":0.5721181035041809,"z":-0.2061825394630432,"w":0.746850848197937},"size":12.256229400634766,"orthographic":false}