{"cameraMode":{"drawMode":0,"name":"Shaded","section":"Shading Mode"},"sceneLighting":true,"audioPlay":false,"sceneViewState":{"showFog":true,"showMaterialUpdate":false,"showSkybox":true,"showFlares":true,"showImageEffects":true,"showParticleSystems":true},"in2DMode":false,"pivot":{"x":-24.393131256103517,"y":5.6787333488464359,"z":-0.7409794926643372},"rotation":{"x":0.5983164310455322,"y":0.0012016975088045,"z":-0.0008979588747024536,"w":0.8012595176696777},"size":39.421993255615237,"orthographic":true}