{"cameraMode":{"drawMode":0,"name":"Shaded","section":"Shading Mode"},"sceneLighting":false,"audioPlay":false,"sceneViewState":{"showFog":true,"showMaterialUpdate":false,"showSkybox":false,"showFlares":true,"showImageEffects":true,"showParticleSystems":true},"in2DMode":false,"pivot":{"x":0.38698551058769228,"y":-2.327914237976074,"z":0.1473979353904724},"rotation":{"x":0.469867467880249,"y":-0.11198405176401138,"z":0.06023400276899338,"w":0.8735346794128418},"size":5.523313522338867,"orthographic":true}