{"cameraMode":{"drawMode":0,"name":"Shaded","section":"Shading Mode"},"sceneLighting":false,"audioPlay":false,"sceneViewState":{"showFog":true,"showMaterialUpdate":false,"showSkybox":false,"showFlares":true,"showImageEffects":true,"showParticleSystems":true},"in2DMode":false,"pivot":{"x":0.0,"y":0.5992153882980347,"z":0.0020346641540527345},"rotation":{"x":0.13635069131851197,"y":0.6068879961967468,"z":-0.10667870938777924,"w":0.7757049798965454},"size":1.718900442123413,"orthographic":true}