{"cameraMode":{"drawMode":0,"name":"Shaded","section":"Shading Mode"},"sceneLighting":true,"audioPlay":false,"sceneViewState":{"showFog":true,"showMaterialUpdate":true,"showSkybox":true,"showFlares":true,"showImageEffects":true,"showParticleSystems":true},"in2DMode":false,"pivot":{"x":560.0199584960938,"y":594.2355346679688,"z":0.090789794921875},"rotation":{"x":-0.03180081397294998,"y":-0.014394878409802914,"z":0.0004591244796756655,"w":-0.9993963241577148},"size":167.76026916503907,"orthographic":false}