{"cameraMode":{"drawMode":0,"name":"Shaded","section":"Shading Mode"},"sceneLighting":false,"audioPlay":false,"sceneViewState":{"showFog":true,"showMaterialUpdate":true,"showSkybox":false,"showFlares":true,"showImageEffects":true,"showParticleSystems":true},"in2DMode":false,"pivot":{"x":9.970000267028809,"y":1.0428355932235718,"z":7.340000152587891},"rotation":{"x":0.522491455078125,"y":-0.06829458475112915,"z":0.041330352425575259,"w":0.8494451642036438},"size":4.136772632598877,"orthographic":false}