{"cameraMode":{"drawMode":0,"name":"Shaded","section":"Shading Mode"},"sceneLighting":false,"audioPlay":false,"sceneViewState":{"showFog":true,"showMaterialUpdate":false,"showSkybox":false,"showFlares":true,"showImageEffects":true,"showParticleSystems":true},"in2DMode":false,"pivot":{"x":-2.4999942779541017,"y":0.06072596460580826,"z":2.5000009536743166},"rotation":{"x":-0.32997918128967287,"y":-0.5352070331573486,"z":0.23861713707447053,"w":-0.7401049137115479},"size":11.669184684753418,"orthographic":false}