{"cameraMode":{"drawMode":0,"name":"Shaded","section":"Shading Mode"},"sceneLighting":false,"audioPlay":false,"sceneViewState":{"showFog":true,"showMaterialUpdate":true,"showSkybox":false,"showFlares":true,"showImageEffects":true,"showParticleSystems":true},"in2DMode":false,"pivot":{"x":16.330900192260743,"y":-32.07353973388672,"z":-61.959007263183597},"rotation":{"x":-0.01524253748357296,"y":-0.9759408831596375,"z":0.2044418901205063,"w":-0.07866621017456055},"size":507.7345886230469,"orthographic":false}