{"cameraMode":{"drawMode":0,"name":"Shaded","section":"Shading Mode"},"sceneLighting":false,"audioPlay":false,"sceneViewState":{"showFog":true,"showMaterialUpdate":true,"showSkybox":false,"showFlares":true,"showImageEffects":true,"showParticleSystems":true},"in2DMode":false,"pivot":{"x":0.004554629325866699,"y":2.5035576820373537,"z":-0.0010703802108764649},"rotation":{"x":0.01708410494029522,"y":-0.9839569926261902,"z":0.144932821393013,"w":0.10609231144189835},"size":12.881814002990723,"orthographic":false}