{"cameraMode":{"drawMode":0,"name":"Shaded","section":"Shading Mode"},"sceneLighting":true,"audioPlay":false,"sceneViewState":{"showFog":true,"showMaterialUpdate":false,"showSkybox":true,"showFlares":true,"showImageEffects":true,"showParticleSystems":true},"in2DMode":false,"pivot":{"x":0.000050187110900878906,"y":0.8740314245223999,"z":0.722221851348877},"rotation":{"x":-0.2617713510990143,"y":-0.7168404459953308,"z":0.34230056405067446,"w":-0.5481880307197571},"size":4.6733717918396,"orthographic":true}