{"cameraMode":{"drawMode":0,"name":"Shaded","section":"Shading Mode"},"sceneLighting":false,"audioPlay":false,"sceneViewState":{"showFog":true,"showMaterialUpdate":false,"showSkybox":false,"showFlares":true,"showImageEffects":true,"showParticleSystems":true},"in2DMode":false,"pivot":{"x":1.564621925354004e-7,"y":0.4112797975540161,"z":0.018513184040784837},"rotation":{"x":0.060535211116075519,"y":0.9357609748840332,"z":-0.28485777974128725,"w":0.19886121153831483},"size":1.885739803314209,"orthographic":true}