{"cameraMode":{"drawMode":0,"name":"Shaded","section":"Shading Mode"},"sceneLighting":false,"audioPlay":false,"sceneViewState":{"showFog":true,"showMaterialUpdate":true,"showSkybox":false,"showFlares":true,"showImageEffects":true,"showParticleSystems":true},"in2DMode":false,"pivot":{"x":-27.347211837768556,"y":3.081852912902832,"z":55.03780746459961},"rotation":{"x":0.26723527908325198,"y":0.6144554615020752,"z":-0.23296234011650086,"w":0.7048310041427612},"size":4.298211574554443,"orthographic":false}