{"cameraMode":{"drawMode":0,"name":"Shaded","section":"Shading Mode"},"sceneLighting":true,"audioPlay":false,"sceneViewState":{"showFog":true,"showMaterialUpdate":false,"showSkybox":true,"showFlares":true,"showImageEffects":true,"showParticleSystems":true},"in2DMode":false,"pivot":{"x":0.2744620740413666,"y":0.8582190871238709,"z":0.04336867481470108},"rotation":{"x":0.1656377911567688,"y":0.03396911174058914,"z":-0.005871062632650137,"w":0.9856554269790649},"size":0.5365003347396851,"orthographic":false}