{"cameraMode":{"drawMode":0,"name":"Shaded","section":"Shading Mode"},"sceneLighting":true,"audioPlay":false,"sceneViewState":{"showFog":true,"showMaterialUpdate":true,"showSkybox":true,"showFlares":true,"showImageEffects":true,"showParticleSystems":true},"in2DMode":false,"pivot":{"x":-27.579999923706056,"y":3.0999999046325685,"z":55.5},"rotation":{"x":0.2355223000049591,"y":0.4401867091655731,"z":-0.12084981799125672,"w":0.8580510020256043},"size":4.286825656890869,"orthographic":false}