{"cameraMode":{"drawMode":0,"name":"Shaded","section":"Shading Mode"},"sceneLighting":false,"audioPlay":false,"sceneViewState":{"showFog":true,"showMaterialUpdate":true,"showSkybox":false,"showFlares":true,"showImageEffects":true,"showParticleSystems":true},"in2DMode":false,"pivot":{"x":0.0,"y":0.7999999523162842,"z":0.8999999761581421},"rotation":{"x":0.011243248358368874,"y":0.7053585648536682,"z":-0.01124029140919447,"w":0.7087405323982239},"size":4.286825656890869,"orthographic":false}