{"cameraMode":{"drawMode":0,"name":"Shaded","section":"Shading Mode"},"sceneLighting":true,"audioPlay":false,"sceneViewState":{"showFog":true,"showMaterialUpdate":false,"showSkybox":false,"showFlares":true,"showImageEffects":true,"showParticleSystems":true},"in2DMode":false,"pivot":{"x":4.205047607421875,"y":5.234375,"z":0.57421875},"rotation":{"x":-0.0010031170677393675,"y":-0.9711164236068726,"z":0.23857282102108003,"w":-0.004082567524164915},"size":28.800739288330079,"orthographic":true}