{"cameraMode":{"drawMode":0,"name":"Shaded","section":"Shading Mode"},"sceneLighting":false,"audioPlay":false,"sceneViewState":{"showFog":true,"showMaterialUpdate":true,"showSkybox":false,"showFlares":true,"showImageEffects":true,"showParticleSystems":true},"in2DMode":false,"pivot":{"x":-2.400027275085449,"y":-0.3149592876434326,"z":2.400221109390259},"rotation":{"x":0.3029424846172333,"y":-0.24506732821464539,"z":0.08082663267850876,"w":0.9174737334251404},"size":6.762534141540527,"orthographic":false}