{"cameraMode":{"drawMode":0,"name":"Shaded","section":"Shading Mode"},"sceneLighting":false,"audioPlay":false,"sceneViewState":{"showFog":true,"showMaterialUpdate":true,"showSkybox":false,"showFlares":true,"showImageEffects":true,"showParticleSystems":true},"in2DMode":false,"pivot":{"x":-0.3164249658584595,"y":0.1379498839378357,"z":0.17511749267578126},"rotation":{"x":0.034455787390470508,"y":-0.8227975368499756,"z":0.050168003886938098,"w":0.5650776624679565},"size":0.7666658163070679,"orthographic":false}